{"cameraMode":{"drawMode":0,"name":"Shaded","section":"Shading Mode"},"sceneLighting":true,"audioPlay":false,"sceneViewState":{"m_AlwaysRefresh":false,"showFog":true,"showSkybox":true,"showFlares":true,"showImageEffects":true,"showParticleSystems":true,"showVisualEffectGraphs":true,"m_FxEnabled":true},"in2DMode":false,"pivot":{"x":-0.5410008430480957,"y":5.138489723205566,"z":-6.459904193878174},"rotation":{"x":-0.17724642157554627,"y":0.01623542048037052,"z":-0.0029246818739920856,"w":-0.9840438961982727},"size":5.116511344909668,"orthographic":false}